INSERT INTO OFFICE (office_id,office_name,country,city,address) VALUES 
(1,'Fisrt_Office','EGY','Cairo','Madent Nasr'),
(2,'Second_Office','EGY','Alexandria','Smoha'),
(3,'Third_Office','KSA','Jeddah','Baradwan Street'),
(4,'Forth_Office','KSA','Riyadh','Tahlia Street'),
(5,'Fifth_Office','USA','Chicago ','Clark Street'),
(6,'Sixth_Office','USA','New york','Crosby Street') ;


INSERT INTO ADMIN VALUES (1,'Ali','ali@gmail.com','0000');

INSERT INTO CAR (Plate_id,Color,`Year`,Brand,Model,Price_per_day,office_id,image) VALUES
(2323,'white',2021,'BMW','X5 xDrive40i',3000,5,'https://www.ccarprice.com/products/BMW_X5_xDrive40i_2021.jpg'),
(2655,'blue',2021,'BMW','New BMW 8 Series Convertible 2021',2950,1,'https://cdn.bmwblog.com/wp-content/uploads/2019/07/BMW-M850i-Convertible-21-of-30.jpg'),
(2222,'black',2022,'Mercedes','Coupe AMG',3100,6,'https://images.carandbike.com/car-images/colors/mercedes-amg/gle-coupe/mercedes-amg-gle-coupe-selenite-grey.png?v=1629707416'),
(2455,'black',2018,'Mercedes','2018 Mercedes-Maybach S 560 & S 650',2900,2,'https://imgcdnblog.carbay.com/wp-content/uploads/2018/08/02121104/mer_650x420.jpg'),
(1121,'white',2019,'Audi','A5 Cabriolet',1950,3,'https://www.ccarprice.com/products/Audi_A5_35_TFSI_Cabriolet_2017.jpg'),
(1929,'red',2021,'Toyota','Camry Hybrid',1750,1,'https://imgd.aeplcdn.com/0x0/n/1g8lpua_1557431.jpg'),
(1239,'black',2021,'Toyota','Camry Hybrid',1200,1,'https://imgd.aeplcdn.com/0x0/n/1g8lpua_1557431.jpg'),
(2343,'blue',2015,'KIA','Forte',1000,4,'https://media.ed.edmunds-media.com/kia/forte/2015/oem/2015_kia_forte_sedan_ex_fq_oem_1_1600.jpg'),
(2121,'black',2019,'Chevrolet','Cruze',950,2,'https://www.motortrend.com/uploads/sites/10/2019/03/2019-chevrolet-cruze-lt-sedan-angular-front.png'),
(2874,'red',2021,'Jeep','Wrangler Rubicon 392',2250,6,'https://media.ed.edmunds-media.com/jeep/wrangler/2021/oem/2021_jeep_wrangler_convertible-suv_unlimited-rubicon-392_fq_oem_1_1600.jpg'),
(2099,'blue',2022,'Fiat','Tipo Hatchback',1550,1,'http://www.bauto.com/storage/cars/YC7PClIrXZ8YDivRGqlke2rGdD54UjBwCj2bcoZ2.png'),
(2155,'red',2022,'Hyundai','Hyundai ALcazar',1450,2,'https://www.ccarprice.com/products/Hyundai_Aura_SX_Plus_Turbo_2022.jpg'),
(2911,'black',2018,'Hyundai','Elantra',1300,4,'https://tdrresearch.azureedge.net/photos/chrome/Expanded/White/2018HYC020004/2018HYC02000401.jpg'),
(2872,'red',2018,'Ferrari','488 Pista',4000,6,'https://www.pushstart.it/en/test-drive/ferrari-488-pista/images/IMG1_9252_D-p-c_hu8346bd8583d10d9c1ce1fd2ddde091e4_1998652_1024x640_fill_q75_box_center.jpg'),
(2421,'blue',2021,'Skoda','Octavia',2000,1,'https://ymimg1.b8cdn.com/resized/car_model/8514/logo/mobile_listing_main_01.png'),
(2761,'yellow',2015,'Lamborghini','Huracan spyder',5000,4,'https://www.lamborghini.com/sites/it-en/files/DAM/lamborghini/masterpieces/huracan_spyder/over/huracan_spyder_over_02_m.jpg'),
(2333,'black',2022,'BMW','X4',3200,5,'https://www.ccarprice.com/products/BMW_X4_xDrive30i_2023.jpg'),
(2133,'white',2021,'Mercedes','Benz EQC 400',3500,5,'https://hips.hearstapps.com/hmg-prod/images/2020-mercedes-benz-eqc-4-1547234221.jpg?crop=0.821xw:1.00xh;0.107xw,0&resize=640:*'),
(2566,'red',2022,'Skoda','Slavia',2000,3,'https://upload.wikimedia.org/wikipedia/commons/thumb/9/92/2021_%C5%A0koda_Slavia_1.5_TSI_Style_%28India%29_front_view.png/1200px-2021_%C5%A0koda_Slavia_1.5_TSI_Style_%28India%29_front_view.png'),
(2661,'black',2022,'Skoda','Slavia',2000,3,'https://i.cdn.newsbytesapp.com/images/l142_21511637559155.jpg'),
(2561,'white',2021,'Jeep','Grand Cherokee',2600,2,'https://media.ed.edmunds-media.com/jeep/grand-cherokee-l/2022/oem/2022_jeep_grand-cherokee-l_4dr-suv_limited_fq_oem_1_1600.jpg'),
(2541,'black',2021,'Jeep','Grand Cherokee',2600,6,'https://imgd.aeplcdn.com/1200x900/n/cw/ec/132711/grand-cherokee-exterior-right-front-three-quarter.jpeg?isig=0&q=75'),
(2611,'blue',2022,'Audi','A6',3000,4,'https://cdni.autocarindia.com/ExtraImages/20191024030710_Audi-A6-review-main.jpg'),
(2621,'black',2022,'Audi','A6',3000,5,'https://bluesky.cdn.imgeng.in/cogstock-images/cit-cb9a3d7e793650841b479ae9d93323b77902a717.jpg?width=150'),
(2499,'black',2022,'Fiat','Tipo Hatchback',1550,2,'http://www.bauto.com/storage/cars/YC7PClIrXZ8YDivRGqlke2rGdD54UjBwCj2bcoZ2.png');




INSERT INTO customer (national_id,Fname,Lname,email,`password`,phone_number,country,sex,licence_id) VALUES
(301100,'John','Smith','john@gmail.com','1234','9982822010','USA','male',1021001),
(301103,'Leo','Messi','leo@gmail.com','0909','9912012000','USA','male',1090999),
(301919,'Linda','Davis','linda@yahoo.com','1110','9012011332','USA','female',1099921),
(301212,'Sarah','Ahmed','sara_11@yahoo.com','2123','0123378112','EGY','female',1088181),
(301344,'Ali','Mohamed','ali@gmail.com','2233','0119220113','EGY','male',1099323),
(309231,'Natasha','Williams','natasha@gmail.com','2144','9190011002','USA','female',1098212),
(302122,'Hugo','Lloris','hugo@gmail.com','2332','9811366621','USA','male',1022321),
(306672,'Van','Neto','van@gmail.com','2235','9832199129','USA','male',1099211), 
(308712,'Robert','Brown','robert@yahoo.com','3212','9822355561','USA','male',1099123),
(306561,'James','Smith','james@gmail.com','7821','9871289610','USA','male',1092221),
(302191,'Ramy','Saber','ramy@gmail.com','3334','0112292101','EGY','male',1099221),
(309821,'Aya','Mohamed','aya_12@yahoo.com','7771','0154541872','EGY','female',1087651),
(301234,'Jasem','Abdallah','jasem@gmail.com','2312','9021928301','KSA','male',1020192),
(309876,'Fred','James','fredo@gmail.com','5652','9827665512','USA','male',1092830),
(309812,'Ahmed','Ibrahim','ahmed@gmail.com','9021','0101928101','EGY','male',1092341),
(309123,'Sawsan','Sayed','sawsan@gmail.com','8821','0120120323','EGY','female',1098312),
(309111,'Abdelrahman','Ibrahim','abdelrahman@gmail.com','7777','9876585722','KSA','female',1098221),
(302123,'Sagda','Abdallah','sagda@gmail.com','1562','9872462244','KSA','female',1098766),
(309912,'Ahmed','Sakr','sakr@gmail.com','0091','9872225111','EGY','male',1092222);

INSERT INTO RESERVATION (national_id,Plate_id,Start_date,End_date,Entry_date,`action`) VALUES
(301103,2222,'2022-02-15','2022-02-20','2022-02-12','Pending') ,
(309912,2333,'2022-03-03','2022-03-09','2022-03-01','Approved'),
(301919,2872,'2022-04-15','2022-04-30','2022-04-13','Rejected'),
(309812,2911,'2022-05-20','2022-05-27','2022-05-18','Paid'),
(306561,2099,'2022-06-03','2022-06-10','2022-06-01','Approved');

INSERT INTO PAYMENTS (Plate_id,`Date`,Amount) VALUES
(2655,'2022-01-01',2950),
(2655,'2022-01-02',2950),
(2655,'2022-01-03',2950),
(1929,'2022-01-02',1750),
(1929,'2022-01-03',1750),
(1929,'2022-01-04',1750),
(2343,'2022-01-01',1000),
(2343,'2022-01-02',1000),
(2343,'2022-01-03',1000),
(2343,'2022-01-04',1000),
(2099,'2022-01-01',1550),
(2099,'2022-01-02',1550),
(2099,'2022-01-03',1550),
(2099,'2022-01-04',1550),
(2099,'2022-01-05',1550),
(2323,'2022-03-07',3000),
(2323,'2022-04-07',3000),
(2323,'2022-05-07',3000),
(2323,'2022-06-07',3000),
(2323,'2022-07-07',3000),
(2761,'2022-04-07',5000),
(2761,'2022-05-07',5000),
(2911,'2022-04-07',1300),
(2911,'2022-05-07',1300),
(2661,'2022-04-07',2000);





INSERT INTO CAR_STATUS (Plate_id,`Date`,`Status`) VALUES
(2323,'2022-01-01','Active'),
(2655,'2022-01-01','Rented'),
(2222,'2022-01-01','Active'),
(2455,'2022-01-01','OutOfService'),
(1121,'2022-01-01','Active'),
(1929,'2022-01-01','Rented'),
(1239,'2022-01-01','Active'),
(2343,'2022-01-01','Rented'),
(2121,'2022-01-01','OutOfService'),
(2874,'2022-01-01','Active'),
(2099,'2022-01-01','Rented'),
(2155,'2022-01-01','Active'),
(2911,'2022-01-01','Active'),
(2872,'2022-01-01','Rented'),
(2421,'2022-01-01','OutOfService'),
(2761,'2022-01-01','Active'),
(2333,'2022-01-01','Rented'),
(2133,'2022-01-01','OutOfService'),
(2566,'2022-01-01','Active'),
(2661,'2022-01-01','Rented'),
(2561,'2022-01-01','Active'),
(2541,'2022-01-01','Rented'),
(2611,'2022-01-01','Active'),
(2621,'2022-01-01','Rented'),
(2499,'2022-01-01','Active'),
(2323,'2022-01-02','Active'),
(2655,'2022-01-02','Rented'),
(2222,'2022-01-02','Active'),
(2455,'2022-01-02','OutOfService'),
(1121,'2022-01-02','Rented'),
(1929,'2022-01-02','Active'),
(1239,'2022-01-02','Active'),
(2343,'2022-01-02','Rented'),
(2121,'2022-01-02','OutOfService'),
(2874,'2022-01-02','Active'),
(2099,'2022-01-02','Rented'),
(2155,'2022-01-02','Active'),
(2911,'2022-01-02','Rented'),
(2872,'2022-01-02','Active'),
(2421,'2022-01-02','OutOfService'),
(2761,'2022-01-02','Active'),
(2333,'2022-01-02','Rented'),
(2133,'2022-01-02','OutOfService'),
(2566,'2022-01-02','Active'),
(2661,'2022-01-02','Rented'),
(2561,'2022-01-02','Active'),
(2541,'2022-01-02','Rented'),
(2611,'2022-01-02','Active'),
(2621,'2022-01-02','Rented'),
(2499,'2022-01-02','Active'),
(2323,'2022-01-03','Active'),
(2655,'2022-01-03','Rented'),
(2222,'2022-01-03','Active'),
(2455,'2022-01-03','OutOfService'),
(1121,'2022-01-03','Active'),
(1929,'2022-01-03','Rented'),
(1239,'2022-01-03','Active'),
(2343,'2022-01-03','Rented'),
(2121,'2022-01-03','OutOfService'),
(2874,'2022-01-03','Active'),
(2099,'2022-01-03','Rented'),
(2155,'2022-01-03','Active'),
(2911,'2022-01-03','Active'),
(2872,'2022-01-03','Rented'),
(2421,'2022-01-03','OutOfService'),
(2761,'2022-01-03','Active'),
(2333,'2022-01-03','Rented'),
(2133,'2022-01-03','OutOfService'),
(2566,'2022-01-03','Active'),
(2661,'2022-01-03','Rented'),
(2561,'2022-01-03','Active'),
(2541,'2022-01-03','Rented'),
(2611,'2022-01-03','Active'),
(2621,'2022-01-03','Rented'),
(2499,'2022-01-03','Active'),
(2323,'2022-01-04','Active'),
(2655,'2022-01-04','Rented'),
(2222,'2022-01-04','Active'),
(2455,'2022-01-04','OutOfService'),
(1121,'2022-01-04','Active'),
(1929,'2022-01-04','Rented'),
(1239,'2022-01-04','Active'),
(2343,'2022-01-04','Rented'),
(2121,'2022-01-04','OutOfService'),
(2874,'2022-01-04','Active'),
(2099,'2022-01-04','Rented'),
(2155,'2022-01-04','Active'),
(2911,'2022-01-04','Active'),
(2872,'2022-01-04','Rented'),
(2421,'2022-01-04','OutOfService'),
(2761,'2022-01-04','Active'),
(2333,'2022-01-04','Rented'),
(2133,'2022-01-04','OutOfService'),
(2566,'2022-01-04','Active'),
(2661,'2022-01-04','Rented'),
(2561,'2022-01-04','Active'),
(2541,'2022-01-04','Rented'),
(2611,'2022-01-04','Active'),
(2621,'2022-01-04','Rented'),
(2499,'2022-01-04','Active');
(2323,'2022-12-29','Active'),
(2655,'2022-12-29','Rented'),
(2222,'2022-12-29','Active'),
(2455,'2022-12-29','OutOfService'),
(1121,'2022-12-29','Active'),
(1929,'2022-12-29','Rented'),
(1239,'2022-12-29','Active'),
(2343,'2022-12-29','Rented'),
(2121,'2022-12-29','OutOfService'),
(2874,'2022-12-29','Active'),
(2099,'2022-12-29','Rented'),
(2155,'2022-12-29','Active'),
(2911,'2022-12-29','Active'),
(2872,'2022-12-29','Rented'),
(2421,'2022-12-29','OutOfService'),
(2761,'2022-12-29','Active'),
(2333,'2022-12-29','Rented'),
(2133,'2022-12-29','OutOfService'),
(2566,'2022-12-29','Active'),
(2661,'2022-12-29','Rented'),
(2561,'2022-12-29','Active'),
(2541,'2022-12-29','Rented'),
(2611,'2022-12-29','Active'),
(2621,'2022-12-29','Rented'),
(2499,'2022-12-29','Active');


