INSERT INTO OFFICE (office_id,office_name,country,city,address) VALUES 
(1,'Fisrt_Office','EGY','Cairo','Madent Nasr'),
(2,'Second_Office','EGY','Alexandria','Smoha'),
(3,'Third_Office','KSA','Jeddah','Baradwan Street'),
(4,'Forth_Office','KSA','Riyadh','Tahlia Street'),
(5,'Fifth_Office','USA','Chicago ','Clark Street'),
(6,'Sixth_Office','USA','New york','Crosby Street') ;


INSERT INTO ADMIN VALUES (1,'Ali','ali@gmail.com','0000');

INSERT INTO CAR (Plate_id,Color,`Year`,Brand,Model,Price_per_day,office_id,image) VALUES
(2323,'white',2021,'BMW','X5 xDrive40i',3000,5,'https://www.ccarprice.com/products/BMW_X5_xDrive40i_2021.jpg'),
(2655,'blue',2021,'BMW','New BMW 8 Series Convertible 2021',2950,1,'https://cdn.bmwblog.com/wp-content/uploads/2019/07/BMW-M850i-Convertible-21-of-30.jpg'),
(2222,'black',2022,'Mercedes','Coupe AMG',3100,6,'https://images.carandbike.com/car-images/colors/mercedes-amg/gle-coupe/mercedes-amg-gle-coupe-selenite-grey.png?v=1629707416'),
(2455,'black',2018,'Mercedes','2018 Mercedes-Maybach S 560 & S 650',2900,2,'https://imgcdnblog.carbay.com/wp-content/uploads/2018/08/02121104/mer_650x420.jpg'),
(1121,'white',2019,'Audi','A5 Cabriolet',1950,3,'https://www.ccarprice.com/products/Audi_A5_35_TFSI_Cabriolet_2017.jpg'),
(1929,'red',2021,'Toyota','Camry Hybrid',1750,1,'https://imgd.aeplcdn.com/0x0/n/1g8lpua_1557431.jpg'),
(1239,'black',2021,'Toyota','Camry Hybrid',1200,1,'https://imgd.aeplcdn.com/0x0/n/1g8lpua_1557431.jpg'),
(2343,'blue',2015,'KIA','Forte',1000,4,'https://media.ed.edmunds-media.com/kia/forte/2015/oem/2015_kia_forte_sedan_ex_fq_oem_1_1600.jpg'),
(2121,'black',2019,'Chevrolet','Cruze',950,2,'https://www.motortrend.com/uploads/sites/10/2019/03/2019-chevrolet-cruze-lt-sedan-angular-front.png'),
(2874,'red',2021,'Jeep','Wrangler Rubicon 392',2250,6,'https://media.ed.edmunds-media.com/jeep/wrangler/2021/oem/2021_jeep_wrangler_convertible-suv_unlimited-rubicon-392_fq_oem_1_1600.jpg'),
(2099,'blue',2022,'Fiat','Tipo Hatchback',1550,1,'http://www.bauto.com/storage/cars/YC7PClIrXZ8YDivRGqlke2rGdD54UjBwCj2bcoZ2.png'),
(2155,'red',2022,'Hyundai','Hyundai ALcazar',1450,2,'https://www.ccarprice.com/products/Hyundai_Aura_SX_Plus_Turbo_2022.jpg'),
(2911,'black',2018,'Hyundai','Elantra',1300,4,'https://tdrresearch.azureedge.net/photos/chrome/Expanded/White/2018HYC020004/2018HYC02000401.jpg'),
(2872,'red',2018,'Ferrari','488 Pista',4000,6,'https://www.pushstart.it/en/test-drive/ferrari-488-pista/images/IMG1_9252_D-p-c_hu8346bd8583d10d9c1ce1fd2ddde091e4_1998652_1024x640_fill_q75_box_center.jpg'),
(2421,'blue',2021,'Skoda','Octavia',2000,1,'https://ymimg1.b8cdn.com/resized/car_model/8514/logo/mobile_listing_main_01.png'),
(2761,'yellow',2015,'Lamborghini','Huracan spyder',5000,4,'https://www.lamborghini.com/sites/it-en/files/DAM/lamborghini/masterpieces/huracan_spyder/over/huracan_spyder_over_02_m.jpg'),
(2333,'black',2022,'BMW','X4',3200,5,'https://www.ccarprice.com/products/BMW_X4_xDrive30i_2023.jpg'),
(2133,'white',2021,'Mercedes','Benz EQC 400',3500,5,'https://hips.hearstapps.com/hmg-prod/images/2020-mercedes-benz-eqc-4-1547234221.jpg?crop=0.821xw:1.00xh;0.107xw,0&resize=640:*'),
(2566,'red',2022,'Skoda','Slavia',2000,3,'https://upload.wikimedia.org/wikipedia/commons/thumb/9/92/2021_%C5%A0koda_Slavia_1.5_TSI_Style_%28India%29_front_view.png/1200px-2021_%C5%A0koda_Slavia_1.5_TSI_Style_%28India%29_front_view.png'),
(2661,'black',2022,'Skoda','Slavia',2000,3,'https://i.cdn.newsbytesapp.com/images/l142_21511637559155.jpg'),
(2561,'white',2021,'Jeep','Grand Cherokee',2600,2,'https://media.ed.edmunds-media.com/jeep/grand-cherokee-l/2022/oem/2022_jeep_grand-cherokee-l_4dr-suv_limited_fq_oem_1_1600.jpg'),
(2541,'black',2021,'Jeep','Grand Cherokee',2600,6,'https://imgd.aeplcdn.com/1200x900/n/cw/ec/132711/grand-cherokee-exterior-right-front-three-quarter.jpeg?isig=0&q=75'),
(2611,'blue',2022,'Audi','A6',3000,4,'https://cdni.autocarindia.com/ExtraImages/20191024030710_Audi-A6-review-main.jpg'),
(2621,'black',2022,'Audi','A6',3000,5,'https://bluesky.cdn.imgeng.in/cogstock-images/cit-cb9a3d7e793650841b479ae9d93323b77902a717.jpg?width=150'),
(2499,'black',2022,'Fiat','Tipo Hatchback',1550,2,'http://www.bauto.com/storage/cars/YC7PClIrXZ8YDivRGqlke2rGdD54UjBwCj2bcoZ2.png');




INSERT INTO customer (national_id,Fname,Lname,email,`password`,phone_number,country,sex,licence_id) VALUES
(301100,'John','Smith','john@gmail.com','1234','9982822010','USA','male',1021001),
(301103,'Leo','Messi','leo@gmail.com','0909','9912012000','USA','male',1090999),
(301919,'Linda','Davis','linda@yahoo.com','1110','9012011332','USA','female',1099921),
(301212,'Sarah','Ahmed','sara_11@yahoo.com','2123','0123378112','EGY','female',1088181),
(301344,'Ali','Mohamed','ali@gmail.com','2233','0119220113','EGY','male',1099323),
(309231,'Natasha','Williams','natasha@gmail.com','2144','9190011002','USA','female',1098212),
(302122,'Hugo','Lloris','hugo@gmail.com','2332','9811366621','USA','male',1022321),
(306672,'Van','Neto','van@gmail.com','2235','9832199129','USA','male',1099211), 
(308712,'Robert','Brown','robert@yahoo.com','3212','9822355561','USA','male',1099123),
(306561,'James','Smith','james@gmail.com','7821','9871289610','USA','male',1092221),
(302191,'Ramy','Saber','ramy@gmail.com','3334','0112292101','EGY','male',1099221),
(309821,'Aya','Mohamed','aya_12@yahoo.com','7771','0154541872','EGY','female',1087651),
(301234,'Jasem','Abdallah','jasem@gmail.com','2312','9021928301','KSA','male',1020192),
(309876,'Fred','James','fredo@gmail.com','5652','9827665512','USA','male',1092830),
(309812,'Ahmed','Ibrahim','ahmed@gmail.com','9021','0101928101','EGY','male',1092341),
(309123,'Sawsan','Sayed','sawsan@gmail.com','8821','0120120323','EGY','female',1098312),
(309111,'Abdelrahman','Ibrahim','abdelrahman@gmail.com','7777','9876585722','KSA','female',1098221),
(302123,'Sagda','Abdallah','sagda@gmail.com','1562','9872462244','KSA','female',1098766),
(309912,'Ahmed','Sakr','sakr@gmail.com','0091','9872225111','EGY','male',1092222),
(309212,'Hussein','Jasem','hussein@gamil.com','0222','982612223','KSA','male',1091234);

INSERT INTO RESERVATION (national_id,Plate_id,Start_date,End_date,Entry_date,`action`) VALUES
(301103,2222,'2022-02-15','2022-02-20','2022-02-13','Paid') ,
(306561,2333,'2022-03-03','2022-03-09','2022-03-01','Paid'),
(309912,2499,'2022-03-03','2022-03-10','2022-03-01','Paid'),
(301103,2541,'2022-03-03','2022-03-18','2022-03-01','Rejected'),
(302123,1121,'2022-03-04','2022-03-12','2022-03-02','Paid'),
(309821,1929,'2022-03-05','2022-03-13','2022-03-03','Paid'),
(309821,1929,'2022-04-05','2022-05-05','2022-04-03','Rejected'),
(309912,1929,'2022-03-16','2022-03-22','2022-03-14','Paid'),
(301212,1929,'2022-10-08','2022-10-11','2022-03-09','Pending'),
(302123,2661,'2022-04-15','2022-04-23','2022-04-14','Paid'),
(301234,2661,'2022-06-20','2022-06-27','2022-06-19','Paid'),
(309876,2621,'2022-02-17','2022-02-22','2022-02-16','Paid'),
(309876,2621,'2022-03-17','2022-03-28','2022-03-16','Rejected'),
(309111,2761,'2022-02-02','2022-02-07','2022-02-01','Paid'),
(301234,2761,'2022-03-02','2022-03-07','2022-03-01','Rejected'),
(301234,2761,'2022-09-02','2022-09-07','2022-09-01','Pending'),
(302191,2561,'2022-03-15','2022-03-22','2022-03-14','Paid'),
(302191,2561,'2022-04-15','2022-04-22','2022-04-14','Rejected'),
(309821,2561,'2022-09-15','2022-09-22','2022-09-14','Pending'),
(309212,2611,'2022-02-15','2022-02-23','2022-02-14','Paid'),
(309212,2611,'2022-03-15','2022-03-30','2022-03-14','Rejected'),
(302123,2611,'2022-09-15','2022-09-30','2022-03-14','Pending'),
(309231,2133,'2022-02-01','2022-02-10','2022-01-30','Paid'),
(309812,2421,'2022-02-01','2022-02-10','2022-01-30','Paid'),
(309212,2421,'2022-04-01','2022-04-04','2022-03-30','Paid'),
(309212,2421,'2022-09-01','2022-09-04','2022-08-30','Pending'),
(301344,2121,'2022-02-03','2022-02-08','2022-02-01','Paid'),
(301344,2121,'2022-07-03','2022-07-08','2022-07-01','pending'),
(301919,2872,'2022-04-15','2022-04-30','2022-04-13','Rejected'),
(301919,2872,'2022-05-15','2022-05-20','2022-05-13','Paid'),
(301234,2911,'2022-05-20','2022-05-27','2022-05-18','Paid'),
(309123,2099,'2022-06-03','2022-06-10','2022-06-01','Rejected'),
(301344,2155,'2022-08-01','2022-08-16','2022-07-30','Rejected'),
(301344,2155,'2022-09-02','2022-09-09','2022-09-01','Paid'),
(309912,2155,'2022-10-02','2022-10-09','2022-10-01','Pending'),
(301100,2323,'2022-02-11','2022-02-15','2022-02-10','Paid'),
(301103,2323,'2022-04-11','2022-04-15','2022-04-10','Paid'),
(302191,2655,'2022-02-08','2022-02-15','2022-02-07','Paid'),
(302191,2655,'2022-06-08','2022-06-15','2022-06-04','Rejected'),
(301344,2455,'2022-03-15','2022-03-18','2022-03-14','Paid'),
(301344,2455,'2022-10-15','2022-10-18','2022-10-14','Approved'),
(302122,2874,'2022-02-08','2022-02-11','2022-02-07','Paid'),
(302122,2874,'2022-09-08','2022-09-11','2022-09-07','Pending');





INSERT INTO PAYMENTS (Plate_id,`Date`,Amount) VALUES
(2222,'2022-02-15',3100),
(2222,'2022-02-16',3100),
(2222,'2022-02-17',3100),
(2222,'2022-02-18',3100),
(2222,'2022-02-19',3100),
(2222,'2022-02-20',3100),
(2333,'2022-03-03',3200),
(2333,'2022-03-04',3200),
(2333,'2022-03-05',3200),
(2333,'2022-03-06',3200),
(2333,'2022-03-07',3200),
(2333,'2022-03-08',3200),
(2333,'2022-03-09',3200),
(2872,'2022-05-15',4000),
(2872,'2022-05-16',4000),
(2872,'2022-05-17',4000),
(2872,'2022-05-18',4000),
(2872,'2022-05-19',4000),
(2872,'2022-05-20',4000),
(2911,'2022-05-20',1300),
(2911,'2022-05-21',1300),
(2911,'2022-05-22',1300),
(2911,'2022-05-23',1300),
(2911,'2022-05-24',1300),
(2911,'2022-05-25',1300),
(2911,'2022-05-26',1300),
(2911,'2022-05-27',1300),
(2155,'2022-09-02',1450),
(2155,'2022-09-03',1450),
(2155,'2022-09-04',1450),
(2155,'2022-09-05',1450),
(2155,'2022-09-06',1450),
(2155,'2022-09-07',1450),
(2155,'2022-09-08',1450),
(2155,'2022-09-09',1450),
(2499,'2022-03-03',1550),
(2499,'2022-03-04',1550),
(2499,'2022-03-05',1550),
(2499,'2022-03-06',1550),
(2499,'2022-03-07',1550),
(2499,'2022-03-08',1550),
(2499,'2022-03-09',1550),
(2499,'2022-03-10',1550),
(1121,'2022-03-04',1950),
(1121,'2022-03-05',1950),
(1121,'2022-03-06',1950),
(1121,'2022-03-07',1950),
(1121,'2022-03-08',1950),
(1121,'2022-03-09',1950),
(1121,'2022-03-10',1950),
(1121,'2022-03-11',1950),
(1121,'2022-03-12',1950),
(1929,'2022-03-05',1750),
(1929,'2022-03-06',1750),
(1929,'2022-03-07',1750),
(1929,'2022-03-08',1750),
(1929,'2022-03-09',1750),
(1929,'2022-03-10',1750),
(1929,'2022-03-11',1750),
(1929,'2022-03-12',1750),
(1929,'2022-03-13',1750),
(1929,'2022-03-16',1750),
(1929,'2022-03-17',1750),
(1929,'2022-03-18',1750),
(1929,'2022-03-19',1750),
(1929,'2022-03-20',1750),
(1929,'2022-03-21',1750),
(1929,'2022-03-22',1750),
(2661,'2022-04-15',2000),
(2661,'2022-04-16',2000),
(2661,'2022-04-17',2000),
(2661,'2022-04-18',2000),
(2661,'2022-04-19',2000),
(2661,'2022-04-20',2000),
(2661,'2022-04-21',2000),
(2661,'2022-04-22',2000),
(2661,'2022-04-23',2000),
(2661,'2022-06-20',2000),
(2661,'2022-06-21',2000),
(2661,'2022-06-22',2000),
(2661,'2022-06-23',2000),
(2661,'2022-06-24',2000),
(2661,'2022-06-25',2000),
(2661,'2022-06-26',2000),
(2761,'2022-02-02',5000),
(2761,'2022-02-03',5000),
(2761,'2022-02-04',5000),
(2761,'2022-02-05',5000),
(2761,'2022-02-06',5000),
(2761,'2022-02-07',5000),
(2561,'2022-03-15',2600),
(2561,'2022-03-16',2600),
(2561,'2022-03-17',2600),
(2561,'2022-03-18',2600),
(2561,'2022-03-19',2600),
(2561,'2022-03-20',2600),
(2561,'2022-03-21',2600),
(2561,'2022-03-22',2600),
(2611,'2022-02-15',3000),
(2611,'2022-02-16',3000),
(2611,'2022-02-17',3000),
(2611,'2022-02-18',3000),
(2611,'2022-02-19',3000),
(2611,'2022-02-20',3000),
(2611,'2022-02-21',3000),
(2611,'2022-02-22',3000),
(2611,'2022-02-23',3000),
(2133,'2022-02-01',3500),
(2133,'2022-02-02',3500),
(2133,'2022-02-03',3500),
(2133,'2022-02-04',3500),
(2133,'2022-02-05',3500),
(2133,'2022-02-06',3500),
(2133,'2022-02-07',3500),
(2133,'2022-02-08',3500),
(2133,'2022-02-09',3500),
(2133,'2022-02-10',3500),
(2421,'2022-02-01',2000),
(2421,'2022-02-02',2000),
(2421,'2022-02-03',2000),
(2421,'2022-02-04',2000),
(2421,'2022-02-05',2000),
(2421,'2022-02-06',2000),
(2421,'2022-02-07',2000),
(2421,'2022-02-08',2000),
(2421,'2022-02-09',2000),
(2421,'2022-02-10',2000),
(2421,'2022-04-01',2000),
(2421,'2022-04-02',2000),
(2421,'2022-04-03',2000),
(2421,'2022-04-04',2000),
(2121,'2022-02-03',950),
(2121,'2022-02-04',950),
(2121,'2022-02-05',950),
(2121,'2022-02-06',950),
(2121,'2022-02-07',950),
(2121,'2022-02-08',950),
(2323,'2022-02-11',3000),
(2323,'2022-02-12',3000),
(2323,'2022-02-13',3000),
(2323,'2022-02-14',3000),
(2323,'2022-02-15',3000),
(2655,'2022-02-08',2950),
(2655,'2022-02-09',2950),
(2655,'2022-02-10',2950),
(2655,'2022-02-11',2950),
(2655,'2022-02-12',2950),
(2655,'2022-02-13',2950),
(2655,'2022-02-14',2950),
(2655,'2022-02-15',2950),
(2455,'2022-03-15',2900),
(2455,'2022-03-16',2900),
(2455,'2022-03-17',2900),
(2455,'2022-03-18',2900),
(2874,'2022-02-8',2250),
(2874,'2022-02-9',2250),
(2874,'2022-02-10',2250),
(2874,'2022-02-11',2250);













INSERT INTO CAR_STATUS (Plate_id,`Date`,`Status`) VALUES
(2222,'2022-02-01','OutOfService'),
(2222,'2022-02-02','OutOfService'),
(2222,'2022-02-03','OutOfService'),
(2222,'2022-02-04','OutOfService'),
(2222,'2022-02-15','Rented'),
(2222,'2022-02-16','Rented'),
(2222,'2022-02-17','Rented'),
(2222,'2022-02-18','Rented'),
(2222,'2022-02-19','Rented'),
(2222,'2022-02-20','Rented'),
(2333,'2022-03-03','Rented'),
(2333,'2022-03-04','Rented'),
(2333,'2022-03-05','Rented'),
(2333,'2022-03-06','Rented'),
(2333,'2022-03-07','Rented'),
(2333,'2022-03-08','Rented'),
(2333,'2022-03-09','Rented'),
(2872,'2022-05-15','Rented'),
(2872,'2022-05-16','Rented'),
(2872,'2022-05-17','Rented'),
(2872,'2022-05-18','Rented'),
(2872,'2022-05-19','Rented'),
(2872,'2022-05-20','Rented'),
(2911,'2022-05-20','Rented'),
(2911,'2022-05-21','Rented'),
(2911,'2022-05-22','Rented'),
(2911,'2022-05-23','Rented'),
(2911,'2022-05-24','Rented'),
(2911,'2022-05-25','Rented'),
(2911,'2022-05-26','Rented'),
(2911,'2022-05-27','Rented'),
(2911,'2022-05-28','OutOfService'),
(2911,'2022-05-29','OutOfService'),
(2911,'2022-05-30','OutOfService'),

(2155,'2022-09-02','Rented'),
(2155,'2022-09-03','Rented'),
(2155,'2022-09-04','Rented'),
(2155,'2022-09-05','Rented'),
(2155,'2022-09-06','Rented'),
(2155,'2022-09-07','Rented'),
(2155,'2022-09-08','Rented'),
(2155,'2022-09-09','Rented'),
(2499,'2022-03-03','Rented'),
(2499,'2022-03-04','Rented'),
(2499,'2022-03-05','Rented'),
(2499,'2022-03-06','Rented'),
(2499,'2022-03-07','Rented'),
(2499,'2022-03-08','Rented'),
(2499,'2022-03-09','Rented'),
(2499,'2022-03-10','Rented'),
(1121,'2022-03-04','Rented'),
(1121,'2022-03-05','Rented'),
(1121,'2022-03-06','Rented'),
(1121,'2022-03-07','Rented'),
(1121,'2022-03-08','Rented'),
(1121,'2022-03-09','Rented'),
(1121,'2022-03-10','Rented'),
(1121,'2022-03-11','Rented'),
(1121,'2022-03-12','Rented'),
(1121,'2022-03-13','OutOfService'),
(1121,'2022-03-14','OutOfService'),
(1121,'2022-03-15','OutOfService'),

(1929,'2022-03-05','Rented'),
(1929,'2022-03-06','Rented'),
(1929,'2022-03-07','Rented'),
(1929,'2022-03-08','Rented'),
(1929,'2022-03-09','Rented'),
(1929,'2022-03-10','Rented'),
(1929,'2022-03-11','Rented'),
(1929,'2022-03-12','Rented'),
(1929,'2022-03-13','Rented'),
(1929,'2022-03-16','Rented'),
(1929,'2022-03-17','Rented'),
(1929,'2022-03-18','Rented'),
(1929,'2022-03-19','Rented'),
(1929,'2022-03-20','Rented'),
(1929,'2022-03-21','Rented'),
(1929,'2022-03-22','Rented'),
(1929,'2022-03-23','OutOfService'),
(1929,'2022-03-24','OutOfService'),
(1929,'2022-03-26','OutOfService'),

(2661,'2022-04-15','Rented'),
(2661,'2022-04-16','Rented'),
(2661,'2022-04-17','Rented'),
(2661,'2022-04-18','Rented'),
(2661,'2022-04-19','Rented'),
(2661,'2022-04-20','Rented'),
(2661,'2022-04-21','Rented'),
(2661,'2022-04-22','Rented'),
(2661,'2022-04-23','Rented'),
(2661,'2022-06-20','Rented'),
(2661,'2022-06-21','Rented'),
(2661,'2022-06-22','Rented'),
(2661,'2022-06-23','Rented'),
(2661,'2022-06-24','Rented'),
(2661,'2022-06-25','Rented'),
(2661,'2022-06-26','Rented'),
(2661,'2022-06-27','OutOfService'),
(2661,'2022-06-28','OutOfService'),

(2621,'2022-02-17','Rented'),
(2621,'2022-02-18','Rented'),
(2621,'2022-02-19','Rented'),
(2621,'2022-02-20','Rented'),
(2621,'2022-02-21','Rented'),
(2621,'2022-02-22','Rented'),
(2621,'2022-02-23','OutOfService'),
(2621,'2022-02-24','OutOfService'),
(2761,'2022-02-02','Rented'),
(2761,'2022-02-03','Rented'),
(2761,'2022-02-04','Rented'),
(2761,'2022-02-05','Rented'),
(2761,'2022-02-06','Rented'),
(2761,'2022-02-07','Rented'),
(2761,'2022-02-08','OutOfService'),
(2761,'2022-02-09','OutOfService'),
(2761,'2022-02-10','OutOfService'),
(2761,'2022-02-11','OutOfService'),
(2561,'2022-03-15','Rented'),
(2561,'2022-03-16','Rented'),
(2561,'2022-03-17','Rented'),
(2561,'2022-03-18','Rented'),
(2561,'2022-03-19','Rented'),
(2561,'2022-03-20','Rented'),
(2561,'2022-03-21','Rented'),
(2561,'2022-03-22','Rented'),
(2561,'2022-03-23','OutOfService'),
(2561,'2022-03-24','OutOfService'),
(2561,'2022-03-25','OutOfService'),
(2561,'2022-03-26','OutOfService'),
(2611,'2022-02-15','Rented'),
(2611,'2022-02-16','Rented'),
(2611,'2022-02-17','Rented'),
(2611,'2022-02-18','Rented'),
(2611,'2022-02-19','Rented'),
(2611,'2022-02-20','Rented'),
(2611,'2022-02-21','Rented'),
(2611,'2022-02-22','Rented'),
(2611,'2022-02-23','Rented'),
(2611,'2022-02-24','OutOfService'),
(2611,'2022-02-25','OutOfService'),
(2611,'2022-02-26','OutOfService'),
(2133,'2022-02-01','Rented'),
(2133,'2022-02-02','Rented'),
(2133,'2022-02-03','Rented'),
(2133,'2022-02-04','Rented'),
(2133,'2022-02-05','Rented'),
(2133,'2022-02-06','Rented'),
(2133,'2022-02-07','Rented'),
(2133,'2022-02-08','Rented'),
(2133,'2022-02-09','Rented'),
(2133,'2022-02-10','Rented'),
(2133,'2022-02-11','OutOfservice'),
(2133,'2022-02-12','OutOfservice'),
(2133,'2022-02-13','OutOfservice'),
(2421,'2022-02-01','Rented'),
(2421,'2022-02-02','Rented'),
(2421,'2022-02-03','Rented'),
(2421,'2022-02-04','Rented'),
(2421,'2022-02-05','Rented'),
(2421,'2022-02-06','Rented'),
(2421,'2022-02-07','Rented'),
(2421,'2022-02-08','Rented'),
(2421,'2022-02-09','Rented'),
(2421,'2022-02-10','Rented'),
(2421,'2022-02-11','OutOfService'),
(2421,'2022-04-01','Rented'),
(2421,'2022-04-02','Rented'),
(2421,'2022-04-03','Rented'),
(2421,'2022-04-04','Rented'),
(2121,'2022-02-03','Rented'),
(2121,'2022-02-04','Rented'),
(2121,'2022-02-05','Rented'),
(2121,'2022-02-06','Rented'),
(2121,'2022-02-07','Rented'),
(2121,'2022-02-08','Rented'),
(2121,'2022-02-09','OutOfService'),
(2121,'2022-02-10','OutOfService'),
(2323,'2022-02-11','Rented'),
(2323,'2022-02-12','Rented'),
(2323,'2022-02-13','Rented'),
(2323,'2022-02-14','Rented'),
(2323,'2022-02-15','Rented'),
(2323,'2022-02-16','OutOfService'),
(2323,'2022-02-17','OutOfService'),
(2655,'2022-02-08','Rented'),
(2655,'2022-02-09','Rented'),
(2655,'2022-02-10','Rented'),
(2655,'2022-02-11','Rented'),
(2655,'2022-02-12','Rented'),
(2655,'2022-02-13','Rented'),
(2655,'2022-02-14','Rented'),
(2655,'2022-02-15','Rented'),
(2655,'2022-02-16','OutOfService'),
(2655,'2022-02-17','OutOfService'),
(2455,'2022-03-15','Rented'),
(2455,'2022-03-16','Rented'),
(2455,'2022-03-17','Rented'),
(2455,'2022-03-18','Rented'),
(2455,'2022-03-19','OutOfService'),
(2874,'2022-02-8','Rented'),
(2874,'2022-02-9','Rented'),
(2874,'2022-02-10','Rented'),
(2874,'2022-02-11','Rented'),
(2874,'2022-02-12','OutOfService');











